Deep Computers,,4.6,3,"Shop No A-52, Stadium Complex, Rajgarh - 465661, Nearby Rto Office",
Ali Computer,,4.9,15,"Old A B Road, Biaora, Biaora - 465674, Near Jama Masjid Near Nagar Palika Biaora",
Rb Cable Tronics,,4.7,17,"103 D 1st Floor Sidharth  Building 1st Floor.. ND19 Shop No. 96, Nehru Place, Delhi - 110019, Near Nehru Enclave Metro Station",
Mittal Cyber Security,,4.3,188,"Office No.17-A, First Floor Mahaveer Dal Mandir, Birbal Chowk, Main Market, Sri Ganganagar Ho, Sri Ganganagar-Rajasthan - 335001, Near Purani Sabji Mandi",
K T Automation INDIA,,4.2,202,"D 32, Kamalanjali Complex, Radhakrishna Park Crossing, Akota, Vadodara - 390020, Above HDFC Bank",
Safety Wagon Automation IND..,,4.3,66,"B 26 New Siyaganj, Patthar Godam Mall, Godam Road, New Siyaganj, Indore - 452003, Near Chimney",
Vibhuti Infra,,3.3,3,"Shop No 35, Second Floor, City Square Appartment, Lunsikui Road-Lunsikui, Lunsikui, Navsari - 396445, Opposite DSP Office",
Dayal Computers,,4.9,7,"Shop No 6, Sarakari Parisar, Kalpana Nagar, Bhopal - 462022, Sahkari Parishar Phase 2",
Reliable Safety And Securit..,,4.7,5,"Bus Aria Sales Corporations, Vivek Academy Camp, Abhilasha Bhavan, Bhind Road, Gwalior Ho, Gwalior - 474001, Near Central Bank",
Khetan Security System,,4.1,11,"244 Sanchar Nagar Extension, Kanadia Road, Sanchar Nagar, Indore - 452016, Near Bank Of Baroda",
